Title,Genre,Release Year,Rating,Duration,Ticket Price (â‚¬),Month of the Year,Attendance (%)
Film 1,Romance,2007,3.7,77,5.11,April,41
Film 2,Sci-Fi,1963,2.3,71,6.73,November,10
Film 3,Comedy,1979,7.8,158,11.07,July,28
Film 4,Horror,1978,3.2773091370427556,119,5.35,July,57
Film 5,Action,2002,3.557262570127084,99,8.28,January,56
Film 6,Fantasy,2020,9.1,135,12.18,April,76
Film 7,Animation,2010,6.5,121,5.19,February,50
Film 8,Animation,2013,8.1,96,13.47,January,92
Film 9,Romance,1964,7.7,176,10.86,July,43
Film 10,Fantasy,2012,8.2,124,10.6,November,79
Film 11,Action,1974,1.960023261043871,108,10.58,March,10
Film 12,Thriller,1969,6.9,105,7.56,May,55
Film 13,Drama,2016,10.0,128,10.28,October,91
Film 14,Drama,2005,10.0,115,9.9,July,75
Film 15,Documentary,2013,5.8619168136456805,100,5.09,June,78
Film 16,Documentary,1986,4.612413034480109,121,9.33,January,48
Film 17,Drama,2017,4.252382283608011,119,10.35,February,68
Film 18,Animation,2019,2.5,176,6.65,December,43
Film 19,Action,1960,2.0179389721806453,125,10.53,April,10
Film 20,Romance,1985,9.0,179,12.78,July,25
Film 21,Romance,1977,4.4,141,6.87,January,32
Film 22,Drama,1999,7.0,164,14.23,April,10
Film 23,Horror,2023,7.7299087875639465,97,5.33,January,90
Film 24,Comedy,2011,4.6,131,9.47,September,10
Film 25,Horror,1995,4.5325987261593654,112,14.42,December,58
Film 26,Comedy,2010,1.0,70,11.66,May,62
Film 27,Drama,2010,4.7272314458420315,165,12.17,May,37
Film 28,Comedy,2014,4.0,158,6.67,April,10
Film 29,Comedy,1984,4.6,163,12.57,January,10
Film 30,Sci-Fi,1980,3.6,172,6.03,July,29
Film 31,Horror,2016,6.244701708800882,130,11.86,November,50
Film 32,Sci-Fi,2003,8.8,84,9.59,November,93
Film 33,Drama,2009,9.690468055149356,147,8.13,August,100
Film 34,Horror,1963,4.848218959632753,104,9.74,January,44
Film 35,Comedy,1983,7.8,81,9.95,April,58
Film 36,Thriller,1991,4.8,133,10.16,March,22
Film 37,Animation,2020,3.7,80,6.64,October,39
Film 38,Sci-Fi,1987,8.6,98,11.8,July,41
Film 39,Drama,1983,8.944154929694891,82,8.61,April,88
Film 40,Romance,1980,8.1,82,10.34,December,96
Film 41,Fantasy,1983,8.7,141,11.28,December,53
Film 42,Sci-Fi,2000,4.3,131,5.22,February,28
Film 43,Documentary,2004,6.790073923970121,171,10.85,February,59
Film 44,Action,2011,2.020807276140039,90,13.41,October,61
Film 45,Animation,2013,9.8,75,5.22,April,31
Film 46,Action,1973,8.376352985780883,169,6.08,December,45
Film 47,Romance,1991,4.2,118,13.53,January,10
Film 48,Documentary,1976,2.67136617225774,79,5.6,March,10
Film 49,Thriller,1960,1.9,146,9.27,April,10
Film 50,Action,1980,8.227164406667425,90,14.05,October,66
Film 51,Action,1965,4.717713077088861,105,7.87,February,24
Film 52,Romance,2020,6.8,105,12.1,April,12
Film 53,Fantasy,1997,2.5,71,10.56,February,10
Film 54,Drama,1972,8.622345251459945,153,13.74,October,10
Film 55,Fantasy,1971,7.2,104,8.73,November,44
Film 56,Animation,2012,8.5,96,9.35,June,100
Film 57,Action,2018,6.937526526675685,154,13.17,February,50
Film 58,Thriller,1999,4.4,90,13.17,November,10
Film 59,Documentary,2006,4.497291131800422,111,11.22,May,10
Film 60,Romance,1979,6.0,87,11.44,November,54
Film 61,Fantasy,1994,2.4,124,7.56,October,44
Film 62,Horror,2001,7.642230665689436,166,5.18,September,14
Film 63,Horror,2019,7.595227764344205,137,5.62,March,75
Film 64,Sci-Fi,1970,4.2,160,13.16,November,10
Film 65,Horror,1964,6.41043765725909,153,7.77,October,10
Film 66,Documentary,1995,6.645975298077919,116,9.71,March,14
Film 67,Sci-Fi,1961,7.0,173,5.09,August,25
Film 68,Thriller,1980,4.8,168,10.72,October,29
Film 69,Fantasy,1988,6.6,120,13.1,June,10
Film 70,Drama,2021,9.393506762236546,145,7.99,October,60
Film 71,Thriller,1972,4.6,99,10.3,July,30
Film 72,Thriller,2007,5.6,141,5.21,October,81
Film 73,Action,1997,1.0,120,7.27,November,10
Film 74,Drama,1964,5.106815396695383,102,13.25,January,10
Film 75,Thriller,1972,2.0,149,13.32,May,25
Film 76,Fantasy,1978,7.7,116,5.65,April,27
Film 77,Horror,2010,1.0,137,9.05,August,63
Film 78,Fantasy,2015,5.8,96,11.3,January,68
Film 79,Horror,1997,5.617201940216665,176,13.87,December,82
Film 80,Animation,1979,4.4,151,6.83,December,35
Film 81,Documentary,2019,6.253434665134615,136,7.29,March,74
Film 82,Drama,1994,7.33590313350011,118,12.69,July,65
Film 83,Horror,1969,1.0,111,13.14,December,58
Film 84,Thriller,2024,4.6,106,14.82,December,30
Film 85,Horror,2023,2.0781185933300335,122,8.21,February,62
Film 86,Sci-Fi,2019,4.6,121,14.08,April,39
Film 87,Fantasy,2002,8.9,106,10.74,May,24
Film 88,Drama,2008,9.472491506634325,71,5.74,June,83
Film 89,Documentary,2009,2.595641696410439,134,11.09,October,42
Film 90,Horror,2006,7.677584510980126,157,12.08,June,53
Film 91,Thriller,2020,8.6,103,11.56,August,46
Film 92,Sci-Fi,1989,5.2,180,10.72,October,10
Film 93,Thriller,2010,8.4,119,6.27,May,77
Film 94,Comedy,1985,7.0,138,12.85,November,39
Film 95,Comedy,2000,7.9,176,5.07,March,75
Film 96,Fantasy,1964,4.3,161,10.88,June,10
Film 97,Comedy,1996,9.0,100,10.81,November,19
Film 98,Action,1972,3.575976645997127,102,12.8,June,39
Film 99,Drama,1970,9.249271468915424,88,13.55,September,63
Film 100,Animation,2008,5.1,121,8.87,May,59
Film 101,Comedy,1980,1.8,95,12.13,April,10
Film 102,Horror,1990,2.5104749972156855,156,8.9,January,10
Film 103,Animation,2002,9.8,79,9.82,September,46
Film 104,Romance,1977,10.0,163,6.36,November,12
Film 105,Fantasy,1993,8.3,102,10.69,February,56
Film 106,Horror,2017,5.585986523978526,127,13.04,December,45
Film 107,Drama,2016,3.6723340312510984,102,8.2,August,45
Film 108,Thriller,2007,6.1,142,11.57,December,27
Film 109,Animation,1963,9.3,164,7.32,January,16
Film 110,Fantasy,2008,1.7,150,7.99,April,44
Film 111,Action,2021,8.502728315946934,174,6.74,July,100
Film 112,Action,1962,4.741927279778923,177,8.15,January,10
Film 113,Drama,1990,8.267107729121332,147,7.49,October,43
Film 114,Sci-Fi,2021,2.1,76,6.99,March,15
Film 115,Fantasy,1969,2.7,168,10.81,July,23
Film 116,Animation,1988,3.1,117,8.91,January,66
Film 117,Romance,2005,6.9,80,13.66,February,84
Film 118,Romance,2020,5.8,85,9.66,September,93
Film 119,Romance,1964,6.1,159,5.42,February,45
Film 120,Animation,1997,6.9,145,11.33,January,28
Film 121,Comedy,1985,7.1,142,14.31,April,64
Film 122,Comedy,1978,8.4,113,10.37,November,16
Film 123,Animation,1961,4.9,92,8.88,October,41
Film 124,Documentary,1965,7.366813790476392,86,11.5,August,83
Film 125,Animation,1975,1.6,74,10.33,June,27
Film 126,Horror,1999,4.648215760321064,176,8.6,January,10
Film 127,Documentary,2009,9.885015809687449,142,13.42,January,64
Film 128,Fantasy,2004,7.3,149,11.96,October,81
Film 129,Thriller,1968,2.9,81,6.39,April,40
Film 130,Horror,1992,5.5997543973648245,165,12.1,August,29
Film 131,Drama,2010,7.211037306814232,112,12.54,September,10
Film 132,Horror,1974,1.0,129,13.5,February,10
Film 133,Horror,2005,4.244634762981428,174,14.16,January,46
Film 134,Drama,2018,7.6324389436515645,87,5.87,December,66
Film 135,Comedy,1991,9.3,81,6.91,January,93
Film 136,Romance,2021,5.6,116,9.0,February,21
Film 137,Action,1972,1.0,98,6.93,December,20
Film 138,Romance,1978,7.3,154,5.57,May,38
Film 139,Thriller,1976,4.9,81,12.83,June,10
Film 140,Action,1986,2.9198558943885287,91,8.5,December,39
Film 141,Animation,1965,2.7,154,10.19,September,11
Film 142,Comedy,1977,6.2,84,5.89,August,30
Film 143,Comedy,1998,2.3,156,7.52,September,11
Film 144,Romance,2003,5.6,153,6.53,June,55
Film 145,Romance,1970,1.1,175,8.08,September,10
Film 146,Romance,2009,8.6,87,9.04,October,100
Film 147,Romance,1982,5.8,149,5.77,October,68
Film 148,Animation,1980,4.6,96,6.36,October,22
Film 149,Thriller,2008,7.1,154,14.43,August,60
Film 150,Action,2019,4.164464801679337,99,11.41,December,83
Film 151,Comedy,1986,8.0,136,14.77,October,32
Film 152,Action,2002,6.951681114083213,108,7.51,April,68
Film 153,Horror,1996,4.705239675158182,159,7.67,March,41
Film 154,Sci-Fi,1977,6.1,136,10.36,June,44
Film 155,Sci-Fi,2023,2.4,96,13.17,February,27
Film 156,Romance,1963,8.4,101,10.43,November,71
Film 157,Animation,1993,6.1,121,6.69,February,47
Film 158,Comedy,1987,5.2,172,13.41,December,21
Film 159,Romance,1983,6.8,156,12.09,October,10
Film 160,Drama,1973,8.42344000305259,142,14.78,August,30
Film 161,Drama,1963,5.377105022649266,120,9.63,August,64
Film 162,Thriller,1968,4.5,158,12.56,July,20
Film 163,Comedy,1992,8.3,105,7.18,February,23
Film 164,Romance,1965,4.3,88,13.15,October,10
Film 165,Romance,1968,8.4,173,5.68,September,59
Film 166,Sci-Fi,2024,5.5,80,13.41,September,10
Film 167,Thriller,1995,1.8,166,13.23,September,10
Film 168,Drama,1976,8.194922070958908,121,6.92,March,30
Film 169,Sci-Fi,1963,9.1,116,14.78,October,18
Film 170,Comedy,1980,8.9,175,5.95,March,64
Film 171,Documentary,2009,7.517586069747442,176,6.94,March,23
Film 172,Comedy,1990,8.3,120,9.22,May,52
Film 173,Fantasy,1995,8.8,163,7.6,February,15
Film 174,Horror,2000,2.2633693820702145,96,12.45,December,70
Film 175,Fantasy,1993,1.8,95,8.9,November,10
Film 176,Drama,2006,4.85843029573968,117,6.9,March,10
Film 177,Action,2014,6.092685837746433,70,10.2,November,78
Film 178,Drama,2021,6.730603480231687,157,11.87,August,34
Film 179,Animation,2017,9.9,170,11.96,March,49
Film 180,Romance,1969,2.3,81,13.67,March,44
Film 181,Fantasy,1973,4.6,113,7.39,September,38
Film 182,Thriller,1971,3.5,88,10.76,November,10
Film 183,Animation,1975,5.7,169,14.05,June,10
Film 184,Animation,2008,5.8,104,5.33,January,14
Film 185,Action,1980,3.467701161026892,150,6.81,July,20
Film 186,Action,1965,2.0657316294362404,172,8.2,March,25
Film 187,Sci-Fi,1979,1.5,159,9.22,November,10
Film 188,Documentary,2020,9.142910369867954,152,8.91,July,89
Film 189,Romance,1966,4.1,135,8.66,December,24
Film 190,Fantasy,2013,2.6,139,8.09,September,10
Film 191,Comedy,1978,7.6,171,13.05,January,10
Film 192,Sci-Fi,2008,3.7,79,13.24,April,73
Film 193,Horror,1964,1.6380547971826012,144,13.65,November,10
Film 194,Action,1994,2.514058270072368,100,7.22,July,53
Film 195,Animation,1980,8.9,70,11.12,November,73
Film 196,Drama,2015,4.194708333128435,90,7.96,April,27
Film 197,Sci-Fi,2015,4.4,115,13.04,August,43
Film 198,Thriller,1995,6.1,121,12.88,January,60
Film 199,Romance,1994,5.0,84,5.52,June,51
Film 200,Action,2010,4.617270069241161,140,10.81,June,52
Film 201,Thriller,2010,8.8,70,5.6,January,66
Film 202,Romance,1963,9.1,104,6.44,May,23
Film 203,Action,2023,6.773524861121576,111,8.06,December,42
Film 204,Fantasy,1990,6.3,82,7.94,January,66
Film 205,Comedy,2017,2.3,85,10.53,October,59
Film 206,Romance,2005,6.9,117,14.55,October,38
Film 207,Fantasy,1961,1.4,128,13.85,December,56
Film 208,Fantasy,2003,6.5,74,8.86,November,22
Film 209,Drama,2022,4.3472790035124,78,13.01,December,30
Film 210,Animation,2013,2.9,114,9.12,December,60
Film 211,Sci-Fi,2013,8.9,129,12.79,May,79
Film 212,Action,1973,8.001603569442917,151,7.13,December,65
Film 213,Fantasy,1995,1.4,107,10.0,May,62
Film 214,Fantasy,1960,3.2,167,11.7,June,10
Film 215,Sci-Fi,1976,3.2,159,11.17,October,10
Film 216,Action,1964,6.199826123600251,172,7.16,December,38
Film 217,Drama,1975,10.0,141,5.45,October,69
Film 218,Romance,1965,5.7,147,6.25,July,58
Film 219,Thriller,1980,4.1,92,6.47,March,47
Film 220,Comedy,1997,3.5,71,12.44,January,10
Film 221,Thriller,1966,2.5,119,13.65,May,10
Film 222,Sci-Fi,1980,9.2,108,6.75,October,70
Film 223,Animation,1983,7.7,102,8.07,November,73
Film 224,Thriller,1983,9.6,132,6.31,May,95
Film 225,Comedy,1999,1.0,159,6.46,August,34
Film 226,Sci-Fi,1980,6.2,130,9.55,February,64
Film 227,Fantasy,1989,8.7,115,10.5,November,19
Film 228,Comedy,2004,5.1,168,9.6,April,71
Film 229,Action,1997,4.592343047856568,99,9.31,March,10
Film 230,Animation,2021,5.6,92,11.78,August,73
Film 231,Romance,2005,4.9,82,12.67,July,69
Film 232,Thriller,2022,8.9,137,11.61,May,65
Film 233,Comedy,1960,2.0,161,7.55,October,10
Film 234,Romance,2011,6.6,131,12.19,September,57
Film 235,Action,2020,6.260396519466538,144,8.16,October,62
Film 236,Action,1987,3.33426470028464,85,10.33,September,10
Film 237,Fantasy,1975,4.1,169,5.07,June,19
Film 238,Documentary,2001,4.636708641369641,166,13.88,March,10
Film 239,Thriller,1995,6.7,162,11.03,March,64
Film 240,Thriller,1985,3.6,131,13.87,February,12
Film 241,Drama,1977,9.851360968542362,74,14.64,August,83
Film 242,Horror,1983,2.188707000668355,172,8.06,August,52
Film 243,Horror,1990,4.887897560266652,164,14.0,January,24
Film 244,Animation,1961,9.5,128,6.63,August,38
Film 245,Comedy,1962,6.3,160,6.07,November,40
Film 246,Drama,1989,2.6768493011479393,173,13.91,August,28
Film 247,Comedy,1972,6.6,152,8.86,December,25
Film 248,Sci-Fi,2017,1.1,113,7.49,August,48
Film 249,Animation,1992,5.9,121,10.14,September,14
Film 250,Fantasy,1966,6.9,174,12.5,July,21
Film 251,Documentary,1974,4.968454390868545,166,7.34,January,10
Film 252,Sci-Fi,1991,4.6,83,12.72,July,24
Film 253,Comedy,1984,6.9,139,13.84,December,25
Film 254,Thriller,1978,2.1,71,10.56,July,23
Film 255,Action,1978,1.8172907326732084,179,6.39,August,29
Film 256,Fantasy,2013,3.3,120,7.33,January,44
Film 257,Sci-Fi,2008,6.3,170,13.66,February,30
Film 258,Sci-Fi,1974,7.4,179,9.83,June,32
Film 259,Thriller,2014,5.5,102,14.88,January,59
Film 260,Sci-Fi,1985,5.9,115,11.26,April,37
Film 261,Fantasy,2006,7.5,168,14.95,November,78
Film 262,Animation,1980,9.4,146,14.7,February,55
Film 263,Sci-Fi,2000,3.9,149,8.9,January,70
Film 264,Animation,1987,1.9,142,5.48,January,10
Film 265,Thriller,2007,7.6,115,10.75,December,45
Film 266,Comedy,1985,2.3,121,5.35,January,68
Film 267,Documentary,1991,7.406219628868894,111,10.91,December,49
Film 268,Horror,1968,5.373623245337395,139,11.47,December,34
Film 269,Action,1984,8.743935205256948,141,12.88,January,16
Film 270,Drama,1979,8.270746227991276,164,7.24,July,88
Film 271,Documentary,1996,2.1257504012441397,146,9.44,July,25
Film 272,Animation,1981,7.6,158,11.81,January,10
Film 273,Sci-Fi,1965,4.5,141,9.41,January,10
Film 274,Thriller,2009,5.9,174,14.75,June,10
Film 275,Fantasy,1974,9.1,142,8.65,May,26
Film 276,Sci-Fi,1998,2.4,151,10.06,November,46
Film 277,Documentary,2021,7.872548775855672,173,7.3,August,59
Film 278,Animation,1972,8.7,177,5.22,December,24
Film 279,Documentary,1973,6.375057633524432,160,13.8,July,60
Film 280,Animation,1981,3.4,70,5.88,October,10
Film 281,Fantasy,2005,9.4,134,13.7,March,26
Film 282,Romance,1984,10.0,149,9.17,May,30
Film 283,Sci-Fi,2019,5.4,131,13.65,November,82
Film 284,Drama,1969,5.113573359327871,153,11.89,September,10
Film 285,Fantasy,2022,3.5,107,9.85,July,29
Film 286,Sci-Fi,1979,8.7,92,5.43,June,41
Film 287,Documentary,2008,2.875512188016545,108,13.82,August,47
Film 288,Horror,1968,1.0,161,5.46,July,22
Film 289,Comedy,2010,4.0,84,9.86,May,10
Film 290,Action,1988,8.342255149661629,155,8.22,June,48
Film 291,Romance,2022,1.8,122,8.59,July,96
Film 292,Sci-Fi,1975,7.2,133,14.85,November,20
Film 293,Comedy,1963,8.1,109,11.35,October,42
Film 294,Comedy,1989,7.1,111,7.11,December,77
Film 295,Thriller,1973,7.2,176,10.46,April,10
Film 296,Romance,1969,4.1,129,8.19,October,10
Film 297,Romance,1961,3.8,101,6.46,September,16
Film 298,Sci-Fi,1981,8.0,73,11.93,November,31
Film 299,Romance,2000,8.2,109,10.46,July,39
Film 300,Animation,1982,7.0,104,12.39,November,43
Film 301,Thriller,2005,4.9,85,9.65,October,10
Film 302,Thriller,1980,1.5,177,12.62,July,26
Film 303,Romance,2009,4.6,103,8.06,October,65
Film 304,Fantasy,1995,9.2,134,8.67,October,72
Film 305,Documentary,1996,10.0,70,9.01,May,21
Film 306,Fantasy,2008,1.0,82,13.16,April,44
Film 307,Animation,1990,4.5,162,8.49,December,55
Film 308,Action,1979,9.044873430273542,120,12.08,October,16
Film 309,Fantasy,1965,4.6,152,7.51,May,10
Film 310,Comedy,2011,9.1,157,9.41,April,88
Film 311,Sci-Fi,1975,1.1,122,9.02,April,35
Film 312,Sci-Fi,2008,9.1,137,9.83,March,67
Film 313,Animation,2011,8.4,110,5.87,December,94
Film 314,Documentary,1978,9.38216925411306,77,11.88,July,28
Film 315,Horror,2023,1.0,71,8.16,January,79
Film 316,Romance,1967,9.9,177,10.94,May,41
Film 317,Drama,1982,10.0,122,11.47,September,54
Film 318,Action,1998,6.138343513687266,114,11.87,April,76
Film 319,Drama,1974,5.488677021727527,84,14.54,March,10
Film 320,Sci-Fi,2009,3.2,91,7.31,July,32
Film 321,Fantasy,1999,1.6,142,10.93,September,28
Film 322,Documentary,2022,7.7976212219823475,170,7.91,May,10
Film 323,Documentary,1994,7.7139550936482255,127,14.85,March,42
Film 324,Thriller,2016,6.2,154,13.47,June,48
Film 325,Thriller,2002,3.6,170,14.01,May,10
Film 326,Animation,1972,6.9,79,5.01,June,55
Film 327,Horror,2014,5.496270703263953,99,5.45,July,100
Film 328,Fantasy,1992,1.3,78,14.99,August,30
Film 329,Fantasy,2018,7.8,115,13.04,April,85
Film 330,Horror,2006,2.969792161755383,98,9.44,December,96
Film 331,Drama,2020,3.9192987628743143,132,6.32,July,56
Film 332,Sci-Fi,1997,1.0,120,6.45,November,46
Film 333,Romance,1970,3.1,134,14.33,February,10
Film 334,Documentary,2000,8.333344077457845,173,9.5,November,89
Film 335,Sci-Fi,1995,8.6,134,5.88,April,77
Film 336,Horror,2000,6.042533121170524,141,5.49,February,89
Film 337,Romance,2000,8.5,132,6.48,November,25
Film 338,Comedy,1975,1.3,153,9.64,December,29
Film 339,Horror,2024,3.47423338513881,170,10.52,June,10
Film 340,Action,1970,1.7701170692201877,134,8.89,July,60
Film 341,Romance,1978,5.4,94,13.74,September,37
Film 342,Fantasy,2008,1.5,95,7.84,September,10
Film 343,Documentary,2010,8.323392794590049,122,6.13,November,54
Film 344,Drama,1960,2.417007069259342,84,11.32,July,26
Film 345,Horror,1976,6.012596331576685,127,10.5,December,26
Film 346,Sci-Fi,1966,8.5,113,7.26,April,28
Film 347,Romance,2020,2.5,127,12.41,January,15
Film 348,Fantasy,1993,1.6,95,13.42,February,32
Film 349,Horror,2019,4.188449530534269,108,5.95,May,83
Film 350,Fantasy,1998,9.2,148,11.5,May,45
Film 351,Thriller,1969,7.2,104,5.82,October,65
Film 352,Fantasy,1981,1.8,175,10.78,July,55
Film 353,Sci-Fi,1991,1.1,155,12.56,February,10
Film 354,Fantasy,1968,2.5,164,14.66,April,10
Film 355,Animation,1988,3.6,168,14.25,June,10
Film 356,Drama,1961,2.5048486670283867,96,13.25,September,10
Film 357,Horror,2020,3.755460482664268,143,7.22,June,10
Film 358,Drama,2018,9.981483017418178,83,11.47,November,49
Film 359,Romance,2003,1.3,125,6.81,June,18
Film 360,Animation,1976,5.4,85,12.86,January,10
Film 361,Romance,1988,5.3,71,14.88,December,36
Film 362,Drama,1967,10.0,149,9.41,July,68
Film 363,Thriller,2007,4.7,151,11.3,February,10
Film 364,Drama,2007,4.216228706539328,152,8.49,August,37
Film 365,Horror,1975,1.0,78,11.62,July,30
Film 366,Drama,1996,5.343175026110671,78,7.32,July,23
Film 367,Documentary,1969,7.893122640061698,134,9.03,May,10
Film 368,Action,1988,6.6175814800873205,169,7.66,June,32
Film 369,Sci-Fi,2017,9.5,165,5.13,July,50
Film 370,Action,1968,2.725766431288825,71,14.52,December,26
Film 371,Documentary,2006,10.0,142,8.5,April,44
Film 372,Comedy,1973,1.5,125,6.66,June,44
Film 373,Action,1972,8.664925844529437,139,7.12,December,73
Film 374,Drama,2020,4.637133911097514,120,10.32,August,40
Film 375,Action,2021,7.854281870961174,146,9.42,August,77
Film 376,Thriller,1977,4.8,178,10.97,October,10
Film 377,Drama,1968,7.012635484683238,169,7.94,March,42
Film 378,Drama,1978,4.441869163172735,180,12.36,December,21
Film 379,Action,1995,6.251857594727028,90,14.3,January,25
Film 380,Animation,2000,3.2,70,5.41,February,37
Film 381,Animation,2021,7.6,71,7.11,August,89
Film 382,Action,2015,1.1503756693677425,105,5.76,June,18
Film 383,Horror,2003,5.299896569841012,101,8.65,May,43
Film 384,Fantasy,1982,1.2,155,9.85,March,10
Film 385,Thriller,1980,3.9,88,13.05,April,10
Film 386,Comedy,2000,7.2,88,12.18,November,82
Film 387,Horror,1974,6.455987416358035,98,14.19,December,28
Film 388,Comedy,1996,8.1,151,8.26,September,62
Film 389,Thriller,1987,6.0,165,14.65,March,10
Film 390,Fantasy,2000,3.4,93,13.01,July,53
Film 391,Horror,1991,1.0,93,13.63,November,10
Film 392,Documentary,1983,3.3492689464163794,144,12.67,June,40
Film 393,Drama,2008,8.21844509759251,157,5.38,November,37
Film 394,Comedy,2004,4.3,90,10.83,September,60
Film 395,Documentary,1966,6.147853633585006,173,10.79,February,23
Film 396,Thriller,2017,4.3,116,7.65,July,48
Film 397,Fantasy,1991,9.1,122,11.82,January,28
Film 398,Animation,2002,5.7,78,12.59,July,88
Film 399,Horror,1962,3.4142250826575795,152,6.93,November,10
Film 400,Comedy,1972,3.2,180,6.95,February,10
Film 401,Documentary,2010,10.0,133,5.21,August,100
Film 402,Action,1994,2.8247122603332557,146,9.46,April,69
Film 403,Action,1983,1.8914899876446676,167,14.45,June,32
Film 404,Documentary,2022,6.180701927867582,150,14.86,June,74
Film 405,Comedy,2004,5.3,124,6.04,October,47
Film 406,Thriller,2024,4.6,133,5.2,March,34
Film 407,Action,1971,1.0,99,11.44,January,10
Film 408,Drama,2010,8.124411466692747,147,5.24,March,95
Film 409,Sci-Fi,2022,2.9,85,9.99,February,38
Film 410,Animation,2016,6.0,86,13.73,December,55
Film 411,Horror,1965,8.597348635178152,178,6.4,January,17
Film 412,Action,1973,1.0,114,6.34,December,21
Film 413,Drama,1981,10.0,123,14.97,June,43
Film 414,Documentary,2007,4.250034987505275,107,6.21,December,73
Film 415,Comedy,1965,7.4,158,6.43,November,10
Film 416,Thriller,2018,6.4,151,6.24,February,16
Film 417,Comedy,1984,6.0,72,9.34,February,62
Film 418,Action,2022,5.618574897692761,143,12.08,September,75
Film 419,Animation,2005,2.0,122,7.92,September,27
Film 420,Animation,1971,1.1,136,5.72,August,70
Film 421,Fantasy,2005,3.9,90,13.36,June,42
Film 422,Animation,1973,4.0,176,7.59,April,10
Film 423,Fantasy,1982,6.1,96,11.51,January,38
Film 424,Romance,2011,2.5,164,9.43,April,10
Film 425,Fantasy,1982,3.0,90,12.97,November,42
Film 426,Thriller,1988,8.0,161,6.12,April,10
Film 427,Horror,2002,6.748165910736333,129,12.07,August,35
Film 428,Horror,1977,1.0036565831839175,141,7.28,July,42
Film 429,Comedy,1992,1.3,163,5.23,June,32
Film 430,Horror,1993,7.342818755500462,131,11.0,October,55
Film 431,Romance,1974,3.0,139,10.78,August,25
Film 432,Sci-Fi,1999,4.5,157,6.47,November,14
Film 433,Animation,2002,5.1,141,14.86,May,12
Film 434,Sci-Fi,1974,4.2,119,5.53,November,49
Film 435,Sci-Fi,1963,8.0,132,9.49,February,10
Film 436,Drama,1990,8.156907723246942,103,11.75,November,38
Film 437,Horror,2019,5.5884014842095615,123,9.9,April,90
Film 438,Drama,2018,8.337568980963653,76,8.12,December,64
Film 439,Romance,2007,7.1,103,6.3,September,81
Film 440,Action,1985,3.35200784195722,82,6.61,January,73
Film 441,Thriller,2005,2.5,160,8.56,June,31
Film 442,Fantasy,2006,8.6,177,12.6,May,53
Film 443,Fantasy,1994,6.1,159,14.26,March,51
Film 444,Drama,2015,7.552766969061172,142,11.89,July,52
Film 445,Romance,1961,3.0,130,8.9,May,10
Film 446,Action,1960,6.01151638410677,98,12.96,October,61
Film 447,Animation,2014,9.8,126,10.74,August,68
Film 448,Animation,1999,5.5,100,11.04,September,13
Film 449,Documentary,1980,2.688516755873165,90,8.33,July,60
Film 450,Action,1974,7.20849019793216,120,6.75,May,16
Film 451,Fantasy,1962,6.4,85,14.76,January,10
Film 452,Documentary,2022,9.503261884917555,173,8.84,July,31
Film 453,Sci-Fi,1971,2.2,80,10.26,March,10
Film 454,Comedy,1972,1.3,122,8.98,September,10
Film 455,Documentary,2001,10.0,70,5.1,January,90
Film 456,Animation,2000,9.8,158,7.0,February,54
Film 457,Thriller,1966,4.7,180,5.63,March,10
Film 458,Drama,2022,2.134278810278572,110,6.43,May,51
Film 459,Comedy,1973,2.9,168,6.68,August,53
Film 460,Sci-Fi,1969,4.6,167,11.92,December,25
Film 461,Drama,1967,3.2634300672690193,92,7.19,May,10
Film 462,Thriller,1997,1.3,133,14.37,January,10
Film 463,Sci-Fi,2016,2.7,145,11.41,July,100
Film 464,Fantasy,1989,5.7,130,9.4,July,66
Film 465,Horror,2024,6.673875614297068,174,14.17,November,32
Film 466,Action,2007,8.060872263976046,161,8.34,May,76
Film 467,Thriller,1985,2.1,118,7.05,February,27
Film 468,Drama,1964,7.111018210850249,118,6.13,October,10
Film 469,Documentary,1974,3.4388936390582594,148,13.32,March,10
Film 470,Romance,2014,2.1,133,9.57,May,10
Film 471,Drama,2020,7.1179150725634415,118,10.53,April,11
Film 472,Thriller,1999,8.5,114,8.82,June,65
Film 473,Thriller,2021,3.2,109,13.68,May,10
Film 474,Thriller,1972,5.0,175,8.33,May,26
Film 475,Sci-Fi,1993,1.3,71,12.3,May,40
Film 476,Comedy,2020,5.8,134,9.94,January,43
Film 477,Action,2020,1.0,140,7.04,March,24
Film 478,Documentary,2015,4.991790299171882,98,8.16,November,30
Film 479,Animation,1988,5.9,89,12.99,December,51
Film 480,Romance,1972,5.4,77,7.37,March,10
Film 481,Comedy,2000,8.6,144,6.28,May,84
Film 482,Horror,2013,7.432958110772224,92,11.22,May,22
Film 483,Thriller,2002,8.4,180,10.21,September,56
Film 484,Drama,1963,8.541376851590792,99,11.08,January,15
Film 485,Romance,1967,8.4,86,8.05,August,81
Film 486,Thriller,1986,3.0,109,6.24,July,52
Film 487,Animation,1974,7.5,84,10.59,June,10
Film 488,Documentary,2018,2.1658021265826406,86,6.98,November,10
Film 489,Documentary,2004,2.656949716114002,140,11.33,December,31
Film 490,Comedy,1967,6.1,148,5.0,June,63
Film 491,Romance,2020,1.0,123,8.8,April,10
Film 492,Romance,2020,8.2,95,9.5,November,40
Film 493,Thriller,1963,6.9,113,10.74,December,23
Film 494,Animation,2023,1.8,148,13.61,September,32
Film 495,Fantasy,1962,3.6,148,12.82,February,16
Film 496,Documentary,2021,10.0,176,14.87,February,55
Film 497,Fantasy,1965,7.2,164,9.76,September,10
Film 498,Animation,1998,7.5,110,11.02,April,11
Film 499,Romance,1965,6.4,75,12.66,October,55
Film 500,Sci-Fi,2024,3.5,78,13.04,January,45
Film 501,Animation,2022,3.0,132,10.43,June,10
Film 502,Comedy,2021,4.2,71,9.57,March,10
Film 503,Drama,2003,7.062387283949159,157,9.24,November,45
Film 504,Comedy,1989,8.4,140,7.82,May,91
Film 505,Action,2002,9.080723439207205,132,8.48,January,91
Film 506,Animation,1984,5.0,148,9.45,May,34
Film 507,Drama,2001,10.0,177,11.28,October,27
Film 508,Animation,1960,9.2,100,7.61,November,25
Film 509,Drama,1969,4.355747809841915,117,12.63,October,10
Film 510,Documentary,2010,4.275077758344695,171,5.59,March,73
Film 511,Fantasy,2019,7.7,167,6.85,January,10
Film 512,Romance,1988,3.5,104,12.14,October,10
Film 513,Sci-Fi,2002,1.1,164,5.77,January,16
Film 514,Drama,1984,4.114544382665372,130,12.06,February,12
Film 515,Fantasy,1972,9.1,124,7.2,April,24
Film 516,Comedy,2024,1.2,171,5.94,August,90
Film 517,Horror,2018,1.4697825944636338,162,7.08,February,73
Film 518,Fantasy,1984,1.1,117,10.84,February,42
Film 519,Fantasy,2005,2.0,162,9.78,June,10
Film 520,Horror,1991,8.375160044091455,145,12.35,April,20
Film 521,Documentary,1992,8.1321000018654,155,9.39,March,53
Film 522,Action,1975,2.657223210339204,127,12.76,March,16
Film 523,Fantasy,1972,1.4,125,7.32,December,38
Film 524,Sci-Fi,2004,9.9,71,13.81,October,39
Film 525,Action,1968,4.751356023023618,142,11.34,July,42
Film 526,Thriller,2007,7.1,98,9.67,May,96
Film 527,Drama,2019,2.365657303157418,118,11.26,August,40
Film 528,Documentary,1972,8.507033588051494,125,12.72,June,12
Film 529,Comedy,2007,6.5,94,11.48,September,36
Film 530,Horror,1998,2.4326217450942402,98,5.2,November,19
Film 531,Action,2009,2.9607527958273883,104,12.31,October,10
Film 532,Documentary,2010,8.062379130935202,124,11.63,November,93
Film 533,Thriller,1988,7.2,101,6.22,June,55
Film 534,Horror,2022,5.15844125921752,175,7.35,August,82
Film 535,Animation,2002,6.5,166,11.58,November,16
Film 536,Thriller,2019,8.2,164,7.18,August,54
Film 537,Animation,2023,1.8,72,11.32,June,38
Film 538,Action,2004,2.961411923342186,170,9.96,July,26
Film 539,Fantasy,1966,6.3,162,8.49,June,10
Film 540,Horror,1969,2.495914105584025,87,12.39,September,28
Film 541,Romance,2005,1.4,168,7.15,October,10
Film 542,Action,2023,7.911490298480434,149,11.8,March,88
Film 543,Romance,1991,9.6,140,13.47,May,50
Film 544,Action,2003,4.014560141154039,98,7.56,January,82
Film 545,Animation,2006,3.7,96,14.66,August,76
Film 546,Fantasy,1973,6.5,129,6.46,December,71
Film 547,Thriller,1993,9.2,119,8.31,November,37
Film 548,Documentary,1984,5.60300588476617,159,11.62,July,88
Film 549,Horror,2022,3.27823197863741,111,12.99,December,25
Film 550,Thriller,1968,1.3,122,6.0,September,10
Film 551,Horror,1983,4.097570490852498,141,10.52,August,27
Film 552,Romance,1967,9.1,179,9.91,August,28
Film 553,Comedy,1983,2.6,165,5.77,January,29
Film 554,Documentary,2014,7.8190027160039275,107,11.37,July,82
Film 555,Romance,1978,8.1,94,7.81,April,25
Film 556,Romance,2007,5.9,104,6.61,May,97
Film 557,Animation,1989,1.1,150,14.62,March,30
Film 558,Animation,2024,7.1,101,9.57,February,92
Film 559,Animation,1982,7.7,76,12.72,July,41
Film 560,Comedy,1968,3.8,100,9.51,March,10
Film 561,Animation,1968,2.5,104,9.93,December,27
Film 562,Documentary,1989,4.984437377904914,102,12.38,August,77
Film 563,Comedy,2005,6.3,146,6.42,October,99
Film 564,Animation,1971,4.6,112,12.93,May,10
Film 565,Action,1990,8.379740673538453,149,8.27,August,70
Film 566,Horror,2015,8.187161784263427,147,7.29,October,100
Film 567,Sci-Fi,1994,8.8,160,12.28,April,61
Film 568,Drama,1985,7.8204874962853985,108,8.57,June,69
Film 569,Action,1976,6.517994997821443,107,8.52,November,46
Film 570,Comedy,2017,1.7,80,8.45,October,35
Film 571,Fantasy,2008,6.8,138,11.27,September,11
Film 572,Fantasy,2016,4.2,128,9.5,March,56
Film 573,Comedy,2010,8.0,160,7.74,May,18
Film 574,Drama,2021,3.364319936833067,150,6.65,December,62
Film 575,Fantasy,2017,7.2,133,12.54,March,63
Film 576,Animation,1984,8.3,130,10.51,September,63
Film 577,Documentary,1971,9.653597942971512,104,8.5,October,25
Film 578,Drama,1975,7.893125007575534,176,10.32,July,22
Film 579,Drama,2021,5.848167869368399,89,9.06,June,84
Film 580,Romance,1970,4.2,131,5.22,August,23
Film 581,Sci-Fi,1989,1.8,108,9.36,February,12
Film 582,Documentary,1982,5.598743416654827,147,10.46,May,10
Film 583,Romance,2003,9.9,137,7.09,August,100
Film 584,Thriller,1966,2.8,120,7.21,September,24
Film 585,Romance,1962,8.4,170,13.47,February,41
Film 586,Documentary,2008,2.362102777151792,79,7.3,November,24
Film 587,Fantasy,1991,2.0,80,6.36,July,53
Film 588,Action,2001,8.78361197449373,104,14.2,March,62
Film 589,Drama,2002,8.086178897649939,100,7.76,January,43
Film 590,Romance,2003,9.4,109,9.76,June,98
Film 591,Romance,1984,8.4,87,8.21,November,25
Film 592,Documentary,1969,7.950658904686442,123,8.27,February,20
Film 593,Comedy,2010,7.6,160,13.96,May,59
Film 594,Comedy,1961,5.6,141,13.57,September,10
Film 595,Action,1966,1.0,166,7.18,April,10
Film 596,Sci-Fi,1975,1.4,123,8.21,August,52
Film 597,Drama,1997,9.75746766985621,131,10.04,June,23
Film 598,Thriller,1989,4.3,131,8.15,January,16
Film 599,Romance,1969,8.0,155,8.52,October,33
Film 600,Documentary,1967,3.109762771836868,123,8.43,June,10
Film 601,Fantasy,1961,3.0,166,10.01,September,10
Film 602,Fantasy,2006,8.7,112,14.73,October,50
Film 603,Comedy,1986,2.0,172,12.0,January,10
Film 604,Sci-Fi,1969,5.1,146,14.89,May,10
Film 605,Action,1972,6.029311602329446,72,7.77,October,10
Film 606,Action,2004,1.788323244528633,163,10.73,December,30
Film 607,Thriller,2023,5.5,85,8.43,September,94
Film 608,Action,1965,8.043583606349872,71,10.65,January,26
Film 609,Horror,1989,5.104928812345007,129,8.89,August,78
Film 610,Comedy,1995,6.6,95,9.61,October,22
Film 611,Documentary,1968,8.19440530002953,94,10.15,September,76
Film 612,Fantasy,2008,4.6,173,5.22,September,67
Film 613,Fantasy,1975,8.6,116,5.67,August,95
Film 614,Thriller,1990,7.9,141,10.56,March,75
Film 615,Fantasy,1977,5.1,143,10.33,July,46
Film 616,Horror,2018,5.702105810247523,172,7.31,July,93
Film 617,Documentary,1981,4.5078077942807315,148,11.82,November,10
Film 618,Documentary,2016,8.388694434919568,141,6.07,January,99
Film 619,Comedy,2022,8.5,149,11.78,October,46
Film 620,Fantasy,1968,6.1,92,8.55,May,21
Film 621,Sci-Fi,2023,1.8,146,11.14,October,18
Film 622,Animation,2023,1.6,150,6.71,October,48
Film 623,Documentary,1993,7.781341824014794,148,11.42,January,76
Film 624,Comedy,1983,2.5,127,13.65,September,10
Film 625,Drama,2022,1.8952538337203142,145,12.4,March,52
Film 626,Action,1971,6.631196093891973,154,10.8,July,23
Film 627,Sci-Fi,2001,4.4,130,11.3,March,73
Film 628,Animation,1983,4.4,80,15.0,October,17
Film 629,Comedy,1975,6.8,162,12.36,June,25
Film 630,Sci-Fi,1975,2.2,144,7.65,March,45
Film 631,Drama,1960,10.0,73,7.38,March,20
Film 632,Animation,1979,7.6,92,12.0,February,21
Film 633,Thriller,1992,6.5,93,6.99,June,66
Film 634,Action,1985,5.859510986347187,167,8.8,June,10
Film 635,Comedy,1998,6.2,134,10.66,December,29
Film 636,Horror,1960,1.0,170,9.09,March,46
Film 637,Fantasy,1994,7.0,87,11.71,July,99
Film 638,Drama,1996,9.988027038047976,82,12.49,December,36
Film 639,Horror,2007,4.577244474540754,131,14.36,December,45
Film 640,Romance,1973,1.8,175,13.2,September,10
Film 641,Documentary,1968,9.853518808479723,79,6.4,February,69
Film 642,Romance,1992,4.7,87,13.82,June,28
Film 643,Action,1995,2.496777223557021,87,14.74,October,10
Film 644,Fantasy,1974,3.7,132,6.71,November,62
Film 645,Romance,1986,8.3,88,12.22,December,36
Film 646,Sci-Fi,1985,5.2,178,8.57,January,63
Film 647,Horror,1965,1.0,104,14.94,March,13
Film 648,Action,2019,8.42229388457518,90,13.48,November,68
Film 649,Horror,1998,1.6822202340927168,157,7.52,February,50
Film 650,Comedy,1962,9.2,128,5.47,November,46
Film 651,Documentary,1981,6.209419350406829,143,5.35,January,18
Film 652,Comedy,2004,6.0,150,7.4,December,48
Film 653,Thriller,1984,8.1,143,12.05,August,64
Film 654,Thriller,1999,8.3,147,10.49,August,35
Film 655,Action,2018,5.091832155068875,172,12.05,July,47
Film 656,Action,1971,4.968125087421779,106,8.6,August,27
Film 657,Animation,2020,9.5,139,9.54,February,32
Film 658,Drama,2015,3.543844097512749,151,9.85,October,52
Film 659,Documentary,1972,7.267367334619108,89,14.51,October,27
Film 660,Romance,2010,8.5,119,7.04,June,33
Film 661,Action,1984,5.263348261820655,121,5.1,May,10
Film 662,Drama,2012,6.858688857445983,170,9.0,December,94
Film 663,Fantasy,1970,5.6,106,12.93,July,60
Film 664,Thriller,2014,3.8,97,8.72,March,22
Film 665,Comedy,1965,1.3,165,11.48,January,11
Film 666,Fantasy,1970,2.2,151,7.38,July,30
Film 667,Action,1989,7.742866734176408,172,10.05,April,17
Film 668,Comedy,1992,9.1,109,8.72,August,100
Film 669,Action,1984,6.630852025688017,131,9.87,July,87
Film 670,Sci-Fi,1974,9.7,79,13.8,December,29
Film 671,Action,1972,5.007440363338042,137,12.12,August,23
Film 672,Horror,2021,8.050909007556015,84,9.35,December,91
Film 673,Horror,1966,5.437394906817957,179,7.03,September,10
Film 674,Action,2015,1.159682775260562,140,6.76,June,10
Film 675,Romance,1965,9.7,175,5.27,January,21
Film 676,Fantasy,2014,9.9,156,12.84,May,69
Film 677,Horror,2011,1.8941465819160959,153,11.82,February,71
Film 678,Sci-Fi,1997,4.3,178,11.28,May,26
Film 679,Documentary,1967,6.118476319866619,157,13.64,September,35
Film 680,Horror,2000,1.1748536805201302,147,7.05,November,31
Film 681,Comedy,2002,6.2,170,11.09,August,79
Film 682,Fantasy,1976,8.6,79,10.0,March,20
Film 683,Thriller,1969,1.9,86,12.46,June,44
Film 684,Drama,1965,10.0,132,14.91,January,25
Film 685,Romance,1991,8.7,77,12.73,June,41
Film 686,Sci-Fi,2023,6.4,108,14.73,September,76
Film 687,Action,2000,7.87658123481233,129,11.91,July,25
Film 688,Sci-Fi,2013,9.1,70,11.49,June,94
Film 689,Sci-Fi,2015,7.4,99,13.08,January,29
Film 690,Fantasy,2016,6.5,91,6.3,October,24
Film 691,Sci-Fi,2000,8.5,95,7.05,June,89
Film 692,Comedy,1982,5.4,131,13.59,April,65
Film 693,Comedy,1973,8.5,135,13.72,February,15
Film 694,Documentary,1969,3.6583307694161595,158,8.98,December,38
Film 695,Romance,2009,1.8,91,13.88,May,71
Film 696,Action,1989,4.366061638425867,103,11.29,January,10
Film 697,Sci-Fi,1967,7.4,136,11.28,July,30
Film 698,Animation,1985,6.9,113,14.05,May,33
Film 699,Fantasy,1971,1.0,168,11.65,January,10
Film 700,Thriller,1962,8.6,158,6.09,February,70
Film 701,Action,2024,7.44064999154225,163,14.36,May,61
Film 702,Horror,1964,5.6266698624631974,91,13.22,January,37
Film 703,Sci-Fi,1965,5.1,158,6.29,October,10
Film 704,Thriller,1969,1.9,106,6.66,May,43
Film 705,Documentary,2020,6.488295534676742,146,13.07,September,40
Film 706,Documentary,2003,4.2446643514605995,171,6.62,July,53
Film 707,Drama,1972,8.589108242324786,177,11.5,May,50
Film 708,Action,2023,3.6033417500842386,154,5.85,September,38
Film 709,Comedy,2000,4.3,104,13.1,February,10
Film 710,Horror,1962,2.9332112007707565,113,14.1,April,10
Film 711,Comedy,1993,8.0,159,14.98,May,56
Film 712,Action,1967,7.684933257385939,177,8.99,September,10
Film 713,Comedy,1991,6.9,90,8.72,January,10
Film 714,Drama,2007,6.220570252551406,149,10.45,August,74
Film 715,Drama,2015,7.7933371308400385,171,10.91,February,30
Film 716,Thriller,1980,3.9,93,7.55,October,10
Film 717,Action,2017,5.622082454422463,112,9.14,April,97
Film 718,Sci-Fi,1987,5.6,173,14.33,March,20
Film 719,Thriller,1993,7.2,153,6.14,January,45
Film 720,Animation,1962,8.7,149,12.72,January,27
Film 721,Comedy,1966,5.1,177,12.54,March,53
Film 722,Comedy,1974,8.6,100,11.31,November,37
Film 723,Action,2013,5.528436303076471,126,6.42,June,37
Film 724,Thriller,2017,7,133,8.49,August,86
Film 725,Sci-Fi,1988,3.4,94,13.93,February,23
Film 726,Documentary,1994,7.644133263061063,167,7.91,September,24
Film 727,Fantasy,1983,4.4,172,13.21,February,32
Film 728,Documentary,2017,3.7702640015245192,122,14.81,February,28
Film 729,Animation,1976,7.0,75,12.45,July,21
Film 730,Documentary,1978,8.997052136799258,143,5.6,May,46
Film 731,Horror,2012,8.859196921840113,129,7.91,August,100
Film 732,Animation,1965,7.2,161,7.21,November,10
Film 733,Romance,1994,5.0,172,10.62,September,10
Film 734,Fantasy,2022,4.3,157,12.16,October,42
Film 735,Fantasy,1971,7.6,156,13.58,April,49
Film 736,Comedy,2017,5.1,75,11.6,December,75
Film 737,Documentary,2012,4.628499867441919,149,6.62,March,75
Film 738,Thriller,1974,5.3,177,13.39,October,10
Film 739,Action,1996,4.980526358790301,83,10.39,March,53
Film 740,Drama,2019,10.0,160,9.47,September,79
Film 741,Drama,2024,8.579284819643409,83,8.3,December,85
Film 742,Animation,2007,5.3,150,14.81,May,80
Film 743,Sci-Fi,1974,7.7,152,9.42,August,83
Film 744,Comedy,1993,8.4,109,7.83,April,26
Film 745,Documentary,1979,6.964977983778292,174,11.26,July,68
Film 746,Action,1963,1.0,120,6.36,October,10
Film 747,Drama,1987,6.309120344634002,137,9.34,March,27
Film 748,Documentary,2007,8.302341372381711,73,11.0,September,67
Film 749,Thriller,1964,8.6,100,10.94,September,12
Film 750,Drama,2002,9.836325930212217,158,6.17,June,86
Film 751,Comedy,2000,5.2,77,7.85,June,62
Film 752,Thriller,1979,5.7,159,5.77,April,27
Film 753,Horror,1995,5.4000924702628526,170,12.25,September,25
Film 754,Comedy,1986,1.7,170,11.13,July,27
Film 755,Horror,1978,6.9601648464525745,148,5.05,September,28
Film 756,Documentary,2012,5.007250714596107,171,13.36,June,23
Film 757,Animation,1993,7.5,107,9.82,December,49
Film 758,Sci-Fi,2016,4.8,87,11.17,February,64
Film 759,Thriller,1966,8.7,85,10.38,September,11
Film 760,Documentary,1986,7.042471656023359,173,12.88,March,64
Film 761,Romance,2000,8.5,114,9.24,September,70
Film 762,Animation,1995,3.1,91,8.33,September,70
Film 763,Comedy,2016,8.4,88,7.28,December,46
Film 764,Documentary,1983,3.994675968846338,173,8.4,January,20
Film 765,Romance,1965,2.8,169,6.2,August,23
Film 766,Animation,1976,8.4,117,14.33,November,34
Film 767,Sci-Fi,2002,2.5,176,6.07,November,45
Film 768,Horror,1973,8.434316624607526,134,11.78,February,53
Film 769,Romance,2013,8.5,102,7.27,October,89
Film 770,Drama,1973,5.943736771128587,116,8.91,March,10
Film 771,Thriller,1970,9.8,81,11.23,April,18
Film 772,Documentary,1979,5.284614260168194,128,13.15,March,10
Film 773,Animation,2002,1.4,172,13.31,December,63
Film 774,Action,1987,8.389228850464109,131,7.91,September,23
Film 775,Drama,1969,9.341241541661164,158,14.33,December,33
Film 776,Fantasy,1975,5.3,100,12.27,August,21
Film 777,Drama,1999,2.2934984267465817,102,10.73,July,54
Film 778,Sci-Fi,1977,8.8,109,9.88,April,55
Film 779,Drama,1988,6.464661687575864,72,8.32,April,10
Film 780,Horror,2005,5.227654544953156,132,8.57,November,53
Film 781,Fantasy,1992,6.6,142,13.2,April,31
Film 782,Drama,1973,7.731027156489598,165,13.21,May,10
Film 783,Drama,1982,3.3696172759848793,79,13.63,February,10
Film 784,Comedy,1978,5.3,160,12.63,October,58
Film 785,Sci-Fi,1963,6.2,126,7.76,January,67
Film 786,Sci-Fi,2018,3.5,161,13.61,March,28
Film 787,Romance,1975,5.8,112,6.52,May,38
Film 788,Fantasy,1992,4.3,170,11.64,April,48
Film 789,Romance,1990,5.2,176,9.38,November,31
Film 790,Animation,1970,5.3,179,9.37,May,10
Film 791,Romance,2002,2.2,118,10.01,October,63
Film 792,Drama,1971,3.3942408860798574,124,8.99,February,45
Film 793,Documentary,1986,7.897744589459336,141,8.55,July,82
Film 794,Romance,2021,5.8,125,12.04,December,61
Film 795,Drama,1998,6.626359152893208,138,10.62,February,73
Film 796,Fantasy,1993,6.2,168,8.54,December,20
Film 797,Action,2013,4.794557728784194,83,6.73,April,52
Film 798,Action,2001,5.100559267425706,148,7.01,July,96
Film 799,Thriller,1970,5.5,156,13.86,November,43
Film 800,Animation,2006,3.1,164,13.97,December,20
Film 801,Documentary,1981,7.850038886928245,70,7.33,January,10
Film 802,Thriller,2013,1.1,110,7.27,May,31
Film 803,Horror,1989,4.2857630402561515,93,7.89,March,17
Film 804,Fantasy,2018,3.8,169,9.99,December,21
Film 805,Romance,1961,4.1,142,9.17,November,33
Film 806,Documentary,1990,3.6156160071571444,95,10.12,November,37
Film 807,Documentary,1972,2.634917440776801,151,8.05,August,25
Film 808,Action,2006,6.666554708702481,87,10.46,November,60
Film 809,Thriller,2012,6.1,118,14.71,August,28
Film 810,Comedy,1985,4.1,172,6.55,April,10
Film 811,Romance,1961,8.5,127,5.46,January,56
Film 812,Comedy,2017,1.1,126,12.78,October,77
Film 813,Fantasy,2012,6.9,155,11.29,January,10
Film 814,Drama,1973,8.826305950719123,117,12.95,March,17
Film 815,Sci-Fi,1983,1.7,167,8.41,June,42
Film 816,Romance,1981,9.1,73,13.35,October,18
Film 817,Sci-Fi,1990,1.5,78,12.46,February,10
Film 818,Fantasy,2020,8.4,100,14.72,February,56
Film 819,Documentary,1961,10.0,117,11.59,November,70
Film 820,Thriller,1982,6.8,158,7.88,May,10
Film 821,Sci-Fi,2004,8.1,169,6.19,January,74
Film 822,Documentary,2016,8.932850016241806,106,7.04,August,54
Film 823,Sci-Fi,2021,6.8,157,13.43,February,81
Film 824,Horror,1978,5.63371914300785,168,9.24,November,63
Film 825,Action,2008,2.359348419052842,73,5.46,July,38
Film 826,Thriller,2020,9.3,157,8.34,May,91
Film 827,Documentary,2011,1.7873647433632034,72,13.84,November,10
Film 828,Documentary,1972,6.414785885731583,117,9.27,July,40
Film 829,Animation,1973,8.4,126,12.21,December,55
Film 830,Action,2000,2.8250318315196883,165,7.04,September,41
Film 831,Comedy,1991,9.4,140,14.13,April,86
Film 832,Romance,1999,5.1,121,6.4,November,45
Film 833,Animation,1974,6.0,76,6.73,March,62
Film 834,Documentary,1986,10.0,106,14.81,April,40
Film 835,Animation,1977,1.3,123,7.89,June,10
Film 836,Comedy,2007,3.2,113,13.86,January,70
Film 837,Animation,1987,1.8,135,6.92,January,56
Film 838,Animation,1986,2.1,148,11.79,November,10
Film 839,Action,2012,1.8128050518041128,120,13.09,January,12
Film 840,Horror,2003,3.4795810441964283,154,8.63,July,23
Film 841,Horror,1983,8.969604637718716,121,13.4,August,99
Film 842,Animation,1983,1.8,81,14.02,June,10
Film 843,Thriller,1970,1.2,138,12.58,February,22
Film 844,Thriller,1974,1.7,134,7.18,March,10
Film 845,Drama,1962,8.768564229545078,113,11.6,June,18
Film 846,Romance,1988,3.1,140,13.81,July,79
Film 847,Documentary,2009,8.299114748675922,130,8.34,November,37
Film 848,Horror,1962,6.652824688120895,86,14.15,December,78
Film 849,Thriller,1971,7.1,136,9.82,May,33
Film 850,Horror,2017,4.458764711985394,88,6.77,August,44
Film 851,Action,2009,3.9106658890061516,109,5.04,December,78
Film 852,Fantasy,1968,4.4,94,5.43,July,24
Film 853,Thriller,1966,2.1,152,6.91,May,29
Film 854,Romance,1960,5.9,160,12.21,October,10
Film 855,Comedy,1969,3.3,86,12.09,May,10
Film 856,Drama,2001,3.630507755484806,73,5.03,September,32
Film 857,Animation,2013,3.2,102,12.13,February,68
Film 858,Drama,1978,10.0,152,11.2,October,10
Film 859,Comedy,2010,4.5,119,13.36,June,10
Film 860,Horror,2019,3.6162207089263325,121,10.97,February,53
Film 861,Sci-Fi,1995,4.3,91,12.68,March,37
Film 862,Fantasy,2016,5.1,72,7.49,January,43
Film 863,Animation,1974,8.3,101,5.57,November,62
Film 864,Drama,1968,9.757039108093744,157,10.18,October,12
Film 865,Romance,1981,9.9,82,7.97,August,36
Film 866,Comedy,1977,7.3,139,5.54,October,16
Film 867,Documentary,1978,2.6146871666829803,105,10.41,January,10
Film 868,Action,2002,3.4005030454827687,93,11.48,June,10
Film 869,Romance,1999,3.5,131,7.89,May,10
Film 870,Animation,2010,6.4,159,11.64,October,24
Film 871,Animation,1978,9.4,93,10.39,April,23
Film 872,Comedy,1974,6.3,150,14.2,October,46
Film 873,Fantasy,1973,3.4,134,5.85,February,38
Film 874,Documentary,2023,9.488485134893647,134,11.66,March,76
Film 875,Documentary,1975,9.898713985062816,150,12.58,June,68
Film 876,Drama,2009,1.6000711507004155,115,8.25,January,42
Film 877,Fantasy,1976,9.4,114,13.16,May,18
Film 878,Action,1996,7.898964513433957,114,9.84,March,11
Film 879,Thriller,1999,2.5,171,12.73,June,10
Film 880,Documentary,2007,10.0,80,10.76,October,68
Film 881,Sci-Fi,1978,1.9,102,10.85,October,10
Film 882,Comedy,1988,1.2,151,11.92,May,10
Film 883,Horror,2008,5.0270005907497275,148,13.66,July,69
Film 884,Action,2003,7.416877379325752,151,6.2,May,65
Film 885,Thriller,1977,4.7,88,9.73,March,10
Film 886,Action,1974,8.010264292314318,140,10.42,June,61
Film 887,Documentary,1973,5.231142882388912,91,13.12,November,37
Film 888,Comedy,1992,3.6,163,6.81,December,26
Film 889,Romance,2004,7.3,103,11.21,August,88
Film 890,Drama,2010,8.341513154605039,141,7.63,April,75
Film 891,Documentary,1961,8.51733169292676,125,7.83,June,27
Film 892,Thriller,1981,4.4,75,9.06,May,52
Film 893,Documentary,1973,8.192988871381226,88,14.59,March,60
Film 894,Animation,2024,6.2,91,7.52,August,50
Film 895,Horror,1978,2.928554451763227,77,8.94,August,55
Film 896,Action,1974,2.936715562864751,82,7.43,September,10
Film 897,Documentary,1986,8.991344146616946,169,11.44,November,31
Film 898,Romance,1987,5.7,145,5.89,March,38
Film 899,Fantasy,2023,4.6,168,5.49,July,85
Film 900,Horror,2000,7.282251679307408,144,8.25,July,87
Film 901,Fantasy,1975,3.6,117,8.25,May,10
Film 902,Action,1970,8.168532435241628,77,11.02,February,26
Film 903,Fantasy,1982,1.7,115,9.76,April,10
Film 904,Sci-Fi,1968,3.1,177,11.47,October,10
Film 905,Comedy,2019,5.7,86,13.27,July,100
Film 906,Comedy,1965,3.6,97,11.07,January,29
Film 907,Thriller,2010,8.0,172,14.59,May,62
Film 908,Animation,2020,8.2,82,9.19,January,100
Film 909,Documentary,1970,5.619151395329877,148,6.75,May,10
Film 910,Horror,1981,7.382347995910198,145,12.71,September,10
Film 911,Sci-Fi,1967,5.8,168,5.11,June,10
Film 912,Thriller,2005,9.9,154,9.1,September,63
Film 913,Action,2001,6.969521688516935,159,9.16,January,10
Film 914,Animation,1960,9.8,167,6.14,November,47
Film 915,Drama,1969,3.819313448006773,92,6.54,November,44
Film 916,Comedy,2021,9.6,94,14.97,May,92
Film 917,Comedy,2008,1.9,100,13.2,September,10
Film 918,Sci-Fi,1996,7.6,93,7.28,February,10
Film 919,Animation,2008,4.2,102,5.51,October,57
Film 920,Documentary,1981,7.356927314752323,169,9.85,October,33
Film 921,Animation,1963,4.5,140,14.46,January,10
Film 922,Sci-Fi,1966,2.2,178,5.26,September,13
Film 923,Romance,1961,4.6,97,11.72,November,10
Film 924,Fantasy,1984,5.9,172,5.06,April,10
Film 925,Thriller,1976,4.9,72,6.15,February,32
Film 926,Comedy,1972,1.7,112,9.28,January,47
Film 927,Animation,1971,4.0,105,7.25,November,32
Film 928,Comedy,1975,7.1,109,8.46,December,67
Film 929,Action,1983,1.77587346873295,89,13.57,January,56
Film 930,Romance,1967,7.9,139,14.9,February,10
Film 931,Romance,1982,9.4,151,7.01,October,66
Film 932,Romance,1997,1.4,142,8.15,February,41
Film 933,Drama,2007,5.0821548307283315,145,6.21,September,50
Film 934,Sci-Fi,1960,2.0,178,9.47,March,10
Film 935,Animation,2016,9.3,123,12.73,January,47
Film 936,Romance,1996,9.3,125,9.73,May,100
Film 937,Horror,1962,3.102321383623816,156,7.08,July,26
Film 938,Romance,2017,9.6,124,6.7,April,45
Film 939,Fantasy,2020,8.2,144,8.02,February,100
Film 940,Romance,2004,4.4,125,8.05,December,84
Film 941,Action,2011,7.267955286086334,100,12.2,February,10
Film 942,Sci-Fi,1997,2.9,171,12.49,June,10
Film 943,Horror,1986,8.575042872088268,141,5.62,August,56
Film 944,Documentary,1989,7.336988989265141,123,8.55,October,66
Film 945,Fantasy,2017,4.5,76,7.27,March,62
Film 946,Thriller,1978,3.6,137,13.25,August,29
Film 947,Action,2019,8.331591103935937,162,13.86,March,14
Film 948,Animation,1965,9.2,152,11.89,March,10
Film 949,Action,1964,5.338437195259294,85,14.64,March,55
Film 950,Animation,1972,1.9,116,14.38,June,18
Film 951,Fantasy,1978,4.6,154,13.94,September,45
Film 952,Fantasy,1998,2.0,179,9.24,June,37
Film 953,Thriller,1977,8.3,172,8.0,February,17
Film 954,Comedy,2023,3.3,87,14.13,October,62
Film 955,Thriller,2004,6.8,112,11.9,August,27
Film 956,Fantasy,1963,6.1,167,8.03,April,10
Film 957,Animation,2016,9.5,73,10.47,June,91
Film 958,Fantasy,2010,7.8,78,11.55,November,65
Film 959,Romance,1973,3.3,122,9.2,December,25
Film 960,Documentary,1996,7.494657099729729,176,13.59,December,20
Film 961,Animation,1981,6.0,106,10.44,June,23
Film 962,Sci-Fi,2016,8.0,99,13.5,September,10
Film 963,Horror,1996,7.718158193570278,115,5.28,August,23
Film 964,Romance,1963,7.3,93,14.37,July,49
Film 965,Documentary,2006,2.8190096807643394,153,7.75,February,23
Film 966,Action,2010,3.112743181500252,135,9.14,July,66
Film 967,Comedy,1966,7.3,93,12.6,June,65
Film 968,Comedy,2007,9.6,79,11.36,August,91
Film 969,Fantasy,1976,4.4,136,9.17,July,22
Film 970,Thriller,1981,7.9,70,13.78,September,23
Film 971,Comedy,2005,1.9,144,7.89,November,14
Film 972,Comedy,1976,6.6,145,7.1,December,48
Film 973,Sci-Fi,2024,4.4,100,9.18,June,34
Film 974,Romance,1994,4.7,93,13.32,June,10
Film 975,Comedy,2008,6.5,80,9.67,January,22
Film 976,Romance,1974,1.4,136,12.27,November,37
Film 977,Sci-Fi,1970,5.0,100,14.85,November,38
Film 978,Comedy,1993,4.3,92,9.41,January,28
Film 979,Drama,2007,3.751337093440417,126,13.67,November,10
Film 980,Thriller,1970,2.5,70,6.08,March,10
Film 981,Thriller,2004,8.8,107,5.99,December,93
Film 982,Action,1998,2.5288663728743583,119,10.55,May,51
Film 983,Romance,2005,1.4,175,8.94,October,44
Film 984,Horror,1965,8.404540950619348,113,6.24,October,29
Film 985,Action,1986,1.8020280257403898,113,9.62,November,70
Film 986,Thriller,2020,9.0,162,11.77,December,35
Film 987,Sci-Fi,2020,3.4,79,12.42,June,28
Film 988,Sci-Fi,1982,8.1,101,7.43,September,100
Film 989,Romance,1965,7.9,147,13.02,July,20
Film 990,Animation,1974,6.5,92,10.33,October,38
Film 991,Fantasy,1972,1.5,122,13.15,February,54
Film 992,Animation,2001,4.6,108,5.73,October,63
Film 993,Action,1965,8.536433116553116,149,8.55,February,37
Film 994,Romance,2020,9.7,72,8.17,May,67
Film 995,Fantasy,2024,3.1,99,12.94,November,62
Film 996,Comedy,1989,5.5,138,9.31,January,53
Film 997,Drama,1976,9.34655314464125,133,6.3,April,38
Film 998,Documentary,1996,2.480521608196673,77,8.71,July,68
Film 999,Drama,2017,10.0,84,6.86,January,67
Film 1000,Drama,1969,7.027893423999307,71,8.21,May,10
